genreId,name
l2kodwn1,"""Puzzle"""
92dk43nl,.io
45xj162d,.io Game
r2lr3p27,1 player
r2lo1127,1-Bit
4n60zon9,16-bit
92dxgx5l,1980's
4n4x7w20,1980s
m21d6l24,1st-person
g2zoj4nl,1st-person shooter
d5ogj82w,2-D
y5gkox2e,2-D Platformer
75mjm853,"2-d side scrolling, action, puzzle, platforming"
m211g424,2.5 Fighter
m21o1d54,2.5D
q5w3vk2g,2.5D action platformer
l2kyvk51,2.5D Fighter
4n4mewn0,2.5D Racer
75mzek23,2012
y45xyv2d,2D
6507042m,2D Action
65jzw12k,2D Action Platformer
x5e4m8n4,2D Arcade Shooter
l28eky2r,2D Building
l28wgr2r,2D EXE Horror
pl2kwr21,2D Fighter
75mj8853,2D Fighting
r2lwqk57,2D Fighting Game
r2lwz857,2D Game
l28epk2r,2D Golf
75mg7k53,2D Horror
l28erk2r,2D jump'n'run
q5w4xkng,2D Open World
75mly4n3,2D physics platformer
g2zz762l,2D Pixel Game
1n9e1d2m,2D plataformer
9rnvkq5q,2D Platform
pm21dr24,2D Platformer
x5e4wdn4,2d platformer adventure hardcore fangame
l286ywnr,2D Puzzle Platformer
l28l0wnr,2D Puzzle-Platformer
rnvzpk5q,2D racing
l286kmnr,2D Run N Gun
4n6y1r59,2D Scrolling Shooter Action
1n9leqnm,2D shooter
4n46od20,2D Shooter Game
92ddqr2l,2D Shooting Boss-rush
45xm162d,2d Side Scroller
p23m8mn6,2D Side Scrolling Beat'em Up
61n93pnm,2D side scrolling platform game
45xq3vnd,2D Side-Scroller
72ypgy2d,2D sidescroller
94n49d20,2D sidescrolling platformer
p92d9z5l,2D sidescrolling run-and-gun platformer
45xkgmnd,"2D, Sandbox"
75mrrgn3,2D-Fighter
p236kk26,2D-Platformer
72ymvy2d,2d-plattformer
1npj0yn7,2DSTG
x5eyrdn4,3-D Fighter
94n44on0,3-D Platformer
m216xd54,3-D Sidescroller
4n6607n9,3-Player Co-Op Shooter
l286eonr,360 degree FPS
4n6wmo29,3D
92dpw32l,3D Action
p23wpk56,3D Arena Fighter
1g2zew2l,3D Collect-a-thon Platformer
72y7md2d,3D Collectathon
1n90gdnm,3D Fighter
92dmjy2l,3D Fighting
92dm432l,3D Fighting Game
65jgom5k,3D mecha simulation shooter
l2koy6n1,3d Parkour
jp23ox26,3D Platformer
m21x6l54,"3D Platformer, Action"
r2rvd3nz,3D Platforming
l28e0w2r,3D Plattformer
65j86k2k,3D Puzzle Platformer
y5g71k5e,3D Puzzle Sidescroller
92dklxnl,3D Racing Game
1n9lqznm,3D Shooter
dnqo6m58,3D space shooter
4n4p4dn0,3D STRATEGIC ACTION
75mrqxn3,3D-Platformer
72yz4ynd,3D-Platofrmer
d5ozm3nw,3DActionGunShooting
d5ogm82w,3rd person
q5w3ym2g,3rd Person Shooter
q5wpvkng,4 Characters
q274je2l,4 Player
p23xrr26,4 Player Local
92dkqrnl,4X
l2kj4w51,4X Strategy
m65jqv2k,5 Minute
45xkdmnd,6dof
x5exg824,6DoF FPS
4n4m9dn0,6DoF Shooter
4n6wj729,8-bit
x5eo8724,8bit
1n99kdnm,90 Shooter
72ym1o2d,90s
r2lvr1n7,Abenteuer
x5e7k7n4,Abomination
y5gg6x5e,Abstract
72ymgy2d,Abstract Strategy
q274zo2l,Acade
4n4pppn0,accion
l2kjez51,ACT
94n4pn0w,Action
q5w4y8ng,Action & Adventure
1n99mdnm,Action - Third Person Shooting
94n4kw50,Action / Adventure
72yzwxnd,Action / Adventure / First-Person-Shooter
92dv8x2l,Action / Combat
d5ogg32w,Action / FPS
p236yk26,Action / Platformer
l2kg1r51,Action / Puzzle
72ypmd2d,Action / Vehicle Simulator
650eyrnm,Action 3D
7d5owlnw,Action Adventure
r2rok62z,Action Adventure Platformer
l2koeen1,Action Adventure RPG
1n9e0z2m,Action and Roguelike
dnqey0n8,Action Beat em up
1n9qzp2m,Action Fantasy
4n4epp50,Action Game
l2kgpr51,Action Hack'n'Slash
g2z7qw5l,Action horror
r2r93p2z,Action Horror-Puzzle Platformer
75ml9kn3,Action Indie Adventure Casual Horror
l286rynr,Action MOBA
75mjee53,Action Platform
r2lwv157,Action Platformer
65jz7l2k,Action Puzzle
l2kgrk51,Action puzzle game
l2klg6n1,Action Puzzler
65069x5m,Action racer
r2l83157,action roguelike
q5wdr8ng,Action Roguelite
r2ro682z,Action Role Playing
92dkzznl,Action Role Playing Game
m65jxlnk,Action role-playing
p23mprn6,Action Role-Playing Game
l2kyg651,Action Role-Playing Survival Game
q27kdenl,"Action role-playing, Open World"
m216vr54,Action Roleplay Game
1n9lzpnm,Action Rougelike
oq27w1nl,Action RPG
1n9q9q2m,"Action rpg, hack and slash"
d5og0p2w,Action Shooter
q5wkvk5g,Action Shooter First-Person
92dmlx2l,Action Sports
45xk86nd,"Action, Adventure, Casual, Indie"
4n4eww50,"Action, Adventure, Indie"
l28wwo2r,"Action, Adventure, Indie, RPG"
1n9qjx2m,"Action, Arcade"
1n9lpvnm,"Action, Fighting, Fanservice"
92ddo32l,"Action, Fighting, Party"
m211rz24,"Action, First Person, Third Person"
45x4w62d,"Action, Platformer"
x5eqor54,"Action, Sci Fi"
92dk0rnl,"Action, Shooter"
4n6yd759,"Action, Sport"
4n4moon0,"Action, Sports"
72yzk6nd,"Action,Puzzle"
1n9loxnm,Action- Platformer
9rnvvrnq,Action-adventure
65jzol2k,Action-adventure game
g2z7r65l,"Action-adventure game, Third-person shooter"
4n60ern9,Action-Adventure Pirate Simulator
g2zqo62l,Action-Adventure Stealth
rnvzkp5q,"Action-adventure, hack and slash"
x5eo3m24,"Action-adventure, Puzzle"
p231rdn6,Action-Advernture+
dnqeg9n8,Action-aventure
4n4mz8n0,Action-game
d5ozyjnw,Action-packed rogue-lite shoot’em-up
y5ggox5e,action-platformer
d5ovj82w,Action-Puzzle
vx5eld24,Action-Racing
r2lwdw57,Action-RPG
65jjkv5k,Action. platform
jp230326,Action/Adventure
rnv90r2q,Action/Adventure VR
m211v424,"Action/Adventure, Beat 'em Up"
p23omm26,"Action/Adventure, Platformer"
m21p6r24,Action/adventure/puzzle
650k7xnm,Action/Aventure
1g2z64nl,action/hack and slash
65jzl12k,Action/Horror
qdnq0r58,Action/Platformer
y45x395d,Action/Puzzle
d1npgwn7,Action/RPG
65jzgk2k,Action: Side-Scrolling
65j66knk,Actions.
q5wpzrng,Action\Role-Playing
g2zo04nl,Action_Platformer
92dv932l,Acton Platformer
g2zzer2l,Ad
72yopd5d,Adult
q27kgenl,Adult content featured
l2kj9k51,ADV
o75mg539,Adventure
94n4ww50,Adventure / Indie
45x43m2d,adventure and indie
6509045m,Adventure Arcade Platformer
r2lvxkn7,Adventure Game
r2log427,"Adventure game, Indie game, Puzzle, Casual game, Adventure"
y5g73d5e,Adventure games
p236om26,Adventure Map
72y7v62d,Adventure Maps
el283ynr,Adventure Platformer
rnvdjrnq,Adventure RPG
r2l6e427,Adventure Story
r2l6op27,"Adventure, Action"
l28emw2r,"Adventure, Action, Platformer, Puzzle"
4n4e1850,"Adventure, Educational"
y5gkvp2e,"Adventure, Entertainment"
y5gxmdne,"Adventure, General"
dnqeqjn8,"Adventure, Indie"
y5gv4r5e,"Adventure, Indie, RPG, Simulation, Strategy"
q27wjenl,"adventure, platform"
x5e4zmn4,"Adventure, Puzzle"
75mr68n3,Adventure-Platformer
d5o0o35w,Adventure/Puzzle
y5gxykne,Adventures
dnqe0rn8,Aerial combat
dnqor958,Aerial-Combat Action Adventure
1n9l7znm,Agar.io
q5wdgzng,Aiming
dnqj6r28,Air Hockey
92dx735l,Alcohol
1npvlwn7,Aliens
4n4pd8n0,All Genres
q27q11nl,All Missions
6507or2m,All of them
rnvdeknq,Alternate History
72ypwo2d,Alternative
45xk79nd,Amateur flight simulation
l2kyrr51,amiga
92dpwz2l,Analog-Horror
x5e7q1n4,Anarchy Server
d5ovq02w,Android
m21djz24,Android Game
7d5oqlnw,Animal
p23o0d26,animals
d1npyn7o,Anime
l2ko66n1,Anime / Manga
g2zz3w2l,Anime Fighter
rnvj7qnq,Anime Game
65097x5m,Anthology
o75m08n3,Anti Bullying
dnqvkr28,Anton
72y1xy2d,any%
rnvzo95q,Ape
45x49m2d,Apocalypse
92dvwz2l,Apocalyptic
6509j45m,Aquatic
1np0lw27,Arab Funnies
vx5ey1n4,Arcade
y5g7mk5e,Arcade / Action
r2lw8p57,Arcade Baseball
g2zq362l,Arcade Fighter
q5wk9m5g,Arcade Flight
4n4p88n0,Arcade flight simulator
q27woonl,Arcade FPSO
rnvj4xnq,Arcade Game
4n4exj50,Arcade Plataform
x5eq6754,arcade platform
q4n6mo59,Arcade Platformer
wr2lrp27,Arcade Racer
x5e4wrn4,Arcade Racing
y5gjmd5e,Arcade Shoot Em Up
l2kgje51,Arcade Shooter
4n46gj20,Arcade Style
650e6onm,Arcade-Racing
92dm0r2l,Arcade: Adventure
l2klzzn1,Archery
rnvvyknq,Arena
94n4vdn0,Arena Brawler
4n4p0on0,Arena Fighter
75mrggn3,Arena FPS
mr2r18nz,Arena shooter
650kvonm,Arenafps
y5gx3rne,Arenashooter
l28wlw2r,arm wrestling
x5eoo124,Army
4n4m18n0,arpg
65jj0m5k,Arrow keys
q274gx2l,Art
6507yr2m,Art game
72yp4y2d,Artifical Intelligence
x5exk124,Artificial Intelligence
r2l64k27,Artillery
p23wxx56,Assassination
r2ror92z,Asteroid
d5ogp02w,Asymmetric Survival Horror
y5gj1d5e,Asymmetrical Horror
r2lor827,Asymmetrical Horror Game
4n6keo29,atari
45x4692d,atari ST
rnvxkp2q,atmosphere
l2kg8w51,Atmospheric
1n997znm,Atomspheric Adventure Platformer.
1n9xpvnm,Attachment software
45xqgvnd,Audio Visual Enhancement
y5ggvp5e,Außerirdische
650k3onm,Auto Battler
p23x7d26,Auto chess
q27qeenl,Auto Combat
1n9lgxnm,Auto Racing
q27y8o2l,Auto Runner
mr2re95z,Auto-scroller
l2kjye51,Auto-Sidescroller
m21d9d24,Automation
1n9epd2m,autorun
y5gg8r5e,"autoscroller,"
92ddjr2l,Aventure
r2ro182z,Aventures
r2lrq427,Avoidance
65jv6k5k,Avoider
4n46r820,Awful
4n46lp20,Backrooms
p231d3n6,Bad
92dxw35l,Bad Game
1npvkvn7,Badminton
q27y6e2l,Balance
q271112l,Ball
75ml8en3,Barbie
1n9lmxnm,Base Building
r2r9j62z,Baseball
61n9vv5m,Basketball
45xj9m2d,Battle
p23okk26,"Battle Action, Fighter"
q5wp3rng,Battle Royale
y5gvwr5e,Battle RPG
1npe6p57,Battleship
1n9q7z2m,Bear
g2zokrnl,Beat 'em 'up
1n99jqnm,Beat 'em all
x650ewnm,Beat 'em up
4n6k0729,Beat 'em ups
1n9qgd2m,Beat em up
l28ezy2r,"Beat Em Up, Platformer"
4n6w7r29,Beat em' up
72y1ro2d,Beat em' up/Platformer
1n9x0znm,Beat em'up
dnqexkn8,Beat t'em up
q271k12l,Beat Them All
4n609kn9,Beat them Up
p23m1mn6,Beat'em all
650ewrnm,Beat'em up
d5ozx3nw,Beat'em up - Wrestling
1npe3p57,Beat'm Up
75mjxx53,Beat'm'Up
p23xmm26,Beat-'em-up
r2lwe457,Beat-em up
1npe9k57,Beat-em-up
m21xgz54,Beat-them-up
dnqo7j58,Beat-Up
92dvz32l,Beatem'up
4n46mw20,Beatemup
4n4y9dn0,Bedwars
g2z31onl,Beginner Kaizo
1n9xdxnm,bhop
r2l69p27,Bhopping
rnvxjr2q,Bike
6509865m,Bike Racing
92dv8m2l,Bikes
65jgkv5k,Billiards
92dx3m5l,biopunk
oy5gxrne,Bishōjo Game
92ddpm2l,Bit
d5olrj5w,Blackjack
75mgrx53,Blob
q27q44nl,Blobs
p2313mn6,Block
q27q6enl,Block breaker
75mv0853,Block Pushing
1np8pv57,Block Stacker
rnvj8knq,Block-breaking game
p23o9d26,Block-Pushing
q27qy4nl,Blockwars
x5e4p8n4,Blood
4n4x6p20,Bloody
dnqvm928,bmup
r2rz195z,Bmx
4n66jrn9,Board
pl2kje51,Board Game
rnvjpknq,Board game (videogame version)
75mg4453,Board Games
y5gjkx5e,Board/Party Game
72yojw5d,Board/Puzzle
p236lk26,boardgames
l28wmw2r,Boat
p2367326,Boats
6506pw5m,Body Horror
4n4xv820,Boomer Shooter
4n4ejj50,Bootleg
l28wdy2r,Boss battle
r2lodk27,Boss Fighting
y5gkxr2e,Boss rush
65jgq15k,Boss-Rush
dnqj1r28,Bossfight
x5e7wdn4,Bossrush
4n6w1r29,bowling
yq5w1rng,Boxing
g2z8kr2l,Brain
r2lvkwn7,Brain game
wr2lz857,Brawler
rnvd0knq,Brawler/Shooting Action
l2ky3k51,breadskate
92dkkmnl,Breakout
q274dx2l,Breakout clone
4n4x3d20,Breakout/Arkanoid style game
rnvz0r5q,Brick Breaker
q4n6j759,Brick buster
q5wykrng,Brickbattle
r2ro432z,Browser Game
l2kj0651,"Browsergame, Sports, Ragdoll"
650k6wnm,Bubble Shooter
45xq79nd,Build
65j8k12k,Builder
p23moxn6,Building
y5gxzdne,building sim
rnv98k2q,Building Simulator
m21o8l54,Bulet Hell
7d5o035w,Bullet Hell
92dk7znl,Bullet Hell/shump
72yzrond,Bullet-hell
1n9qlq2m,Bullethell
q27qdenl,BunnyHop (bhop)
r2rzx65z,Bus
dnqv3k28,Business
rnvvq9nq,Business Simulation
rnvdkpnq,Business simulation game
m65j0mnk,Business simulator
x5e4x7n4,Butōden
1n90pvnm,Capcom
g2zz9r2l,Car
q27yy12l,Car Combat
l28lvmnr,Car game
dnqjg928,Car Racing
el28vw5r,Card
rnvx3q2q,Card & Board
dnqjwm28,Card & Board Game
y5gjyk5e,Card Based
g2zqm02l,Card Battle
rnv9er2q,Card Battle Simulator
72y7ly2d,Card Battler
l2kgle51,Card Battling
p2316xn6,Card Fight
wr2l6127,Card Game
4n4y4dn0,Card Games
q5w40zng,Card/Board
650k9xnm,Cardgame
r2l6y427,Cards
q27qrxnl,Card_Game
l28ejr2r,carnival
l28mok5r,Cars
rnv97p2q,Cart racer
r2lrxk27,Cartoon
1np8jk57,Cartoony
g2z8l02l,Casino
45xjq62d,Castle Defense
94n4ppn0,Casual
75mg3853,Casual Game
dnqv7928,Casual Multiplayer
oy5gzk2e,Casual Puzzle
d5o0l85w,"Casual, Indie, Flying, Bird"
o75mqx23,"Casual, Point-And-Click"
r2lrp427,Catapult
6509w45m,Category Extension
m211e924,Cats
4n46ew20,Causal game
dnqo0r58,Caveperson Simulator
g2zq702l,CCG
y5gj745e,Cell Shading
1np8yp57,Cereal
l2k6j6n1,Chain Reaction
1n9lkdnm,Challenge
r2rz035z,challenging
4n66zkn9,Chambara
1npvgvn7,Chao
y5gkdx2e,Character Action
y5ggwd5e,Charity
4n63kln9,chase
x5eqed54,Cheese
y5gk042e,Chess
pm21or54,Children
45xw69nd,Children's Horror
1npzwy57,Childrens
p23wwx56,Chill
l2kyye51,Chill Arcade
92dxky5l,Choice based
45xwv8nd,Choices Matter
x5ex6724,Choices matters
1np0dv27,Choices-Matter
45xmr92d,Choises matter
wr2lv1n7,Christian
r2lw6157,Christmas
4n63eon9,Chrome extension
l2864knr,Cinematic platformer
p23173n6,City Builder
q27yw42l,City Building
1n9l3vnm,City-builder
72y1zd2d,City-Building
l281qm5r,Civ Builder
l28lrknr,Class-Based
92dd1r2l,Classic
45xj8x2d,Classics
4n6307n9,Cleaning
65jz0m2k,Click & Shoot
650km6nm,Click and Point Adventure
1n9ljqnm,Click Shooter
p92dvm2l,Clicker
y45x0x5d,Clicking
45xjm62d,Climbing
4n4mddn0,Co op
4n4ezd50,Co-op
92ddgx2l,Coated with Murder
p92djy2l,Codfish
g2zqwr2l,Coins
r2rko35z,Collect
4n46qp20,collect 'em all
m2116r24,Collect-a-Thon
l2koqwn1,Collectable Card Game
y5g7k45e,Collectathon
wr2lk857,Collectible Card Game
q5wdyrng,Collecting
72ympx2d,Collector
rnvjkpnq,Colony Sim
l2k6qwn1,Color
r2r0682z,Color Matching
650kqonm,Colorful
l2klqwn1,combat
45xkpmnd,Combat Flight Simulator
75mvq453,Combat Racing
9rnvjknq,Comedy
x5eq8154,Comedy Adventure
92dvky2l,Comical
l28lqmnr,Communist
m21ddl24,Competitive
1n9q1p2m,Competitive Fighting Game
65jj9v5k,Competitive Vertical Danmaku
d5ooz35w,Compilation
72yomd5d,Complete the Monument
4n66o0n9,Completion
4n46z820,Console compatible
q27wy1nl,Construction
x5eyzmn4,Construction and management simulation
r2rvzmnz,Controller
y5gkzk2e,Cooking
q5wky85g,Cooking Game
p231xkn6,Coomedy
75mjpe53,Coop
r2lox427,Cooperative Multiplayer
r2r9km2z,cooperative third-person shooter
p2363326,CORPG
6509yr5m,Crafting
dnqjl928,Craftrise
92dpvy2l,Crash Bandicoot
p23o4m26,crawler
m21pol24,creative
4n4ykon0,Creepy
g2zzm02l,Cricket
4n6wzo29,Crime
r2lrv827,Crossover
1n9lrdnm,Crossplatform
4n6y4o59,CRPG
l281lw5r,CSGO
l2klkkn1,Cubes
61n9yp5m,Cue sports game
q27y042l,Culinary Experience
650k16nm,Custard
4n463d20,cut fart loose
9rnvq95q,Cute
r2r0w62z,Cute 'em Up
r2rv19nz,Cute-em-up
x5eom824,cyber
q5w3k82g,Cyberpunk
45xm0x2d,"Cyberpunk, Sci-Fi, Futuristic"
92dvex2l,Cycling
r2loep27,CYOA
72yzv6nd,Dance
r2rv36nz,Dance game
65jvwe5k,Dance Simulation Game
65jgre5k,Dancing (Just Dance)
r2r9d32z,Dank Meme
p23mmxn6,danmaku
1n99eqnm,Dark
4n6y0759,Dark Comedy
75mg1453,dark fantasy
1n9x4vnm,Dark gal game shooting
q271rx2l,Dark Humor
x5eqjm54,Dark Humour
m2160454,Dark Riddle 2: Story Mode
p23wlk56,Dark Souls
45xj3v2d,Datapack
y5gj8p5e,Dating
m65jjk5k,Dating Sim
m21xm954,Dating Simulator
m216gz54,DCCG
x5eo6824,Deck builder
72y7pd2d,Deck Building
p23w3356,Deck-Builder
dnqj7928,Deck-building
65jjjk5k,Deckbuilder
72y7zx2d,Deckbuilding
4n4pmwn0,Defense
dnqj8r28,Delivery
q5wdemng,Demolition
p23wjd56,Demons
l2kjk651,Derby
r2rkkm5z,desktop-like
dnqo1r58,Destruction
d5ogv32w,Detective
1g2zwr2l,Detective-mystery
72ym0o2d,Dice
65j691nk,Dicebuilder
dnqvl928,Die
p23ovr26,Die & Retry
m21p1d24,Die and Retry
y5gxxpne,Die-And-Retry
l28m4k5r,Difficult
r2rkrp5z,Difficult Side on 3D platformer
45xmyv2d,digital
d5ogq02w,Digital Collectible Card Game
l28mlo5r,Digital pet
dnqxxk58,dinosaurs
6507qo2m,Diving
p236wx26,DLC
1np04e27,Dodge
oq27px2l,Dodge-em-up
dnqog958,Dodgeball
4n60rkn9,Dogfight Simulator
q4n6yl59,Dōjin soft
75mz8e23,Dokidoki ☆ ki ~yu ~ to Action
65j80v2k,doom clone
l28w0m2r,Doom-like
p23x4326,door
72yogy5d,DOS
q5wp7gng,Downhill
d5ovo32w,Downhill Racing
75mrp8n3,Drag racing
r2lo8827,Dragon
4n4m6pn0,Dragon Ball
75mgee53,Dragon Escape
4n6w9k29,Drama
65jg0v5k,Drawing
rnvd1xnq,Drift
qdnq4r28,Drive
6506xo5m,Driver
oy5gjr5e,Driving
6509gr5m,Driving Simulation
75mgo853,driving simulator
1n99gdnm,Driving-Racing Action
rnvvwpnq,Driving/Racing
r2ro862z,Driving/Simulator
4n6ylr59,Dropper
1npzkv57,DRPG
rnvdmxnq,DS
92dd432l,Dungeon
g2zqz62l,Dungeon Crawl
el28xknr,Dungeon Crawler
9rnvoq2q,Dungeon Crawling
r2r9x62z,Dungeon Management
g2z80w2l,Dungeon management game
x5eovr24,Dungeon-Crawler
l2klrrn1,Dystopian
r2rv8mnz,EA Sports UFC
q5w3dm2g,Early Access
72yp1x2d,Early Childhood
g2zzl62l,Earthbound
l2kl4zn1,eat
q5w4gkng,Eat-'em-all
g2zqj42l,Eat-'Em-Up
75mrwen3,Ecchi
45xkj8nd,Ecology Sim
1npv8kn7,Economic
4n6ky729,Economic Simulation
p23oqk26,Economical strategy
x5eox124,economy
45x4j62d,Economy management
dnqjzm28,Editor
45xw1xnd,EDP445
92dp6r2l,EDP445 Simulator Speedrun
1n9x7pnm,EDP445 Speedrun
x5eq1d54,EDP445Simulator
yq5wvrng,Education
mr2rk65z,Educational
1n9qdx2m,Educational/adventure
dnqyx928,Edutainment
g2zo6rnl,Egglike
72yo8o5d,Eggwars
x5e7d8n4,Ego Shooter
4n63o0n9,Ego-Shooter
72yo7d5d,Einzelspieler
72yzywnd,Electronic action and adventure game
r2l61p27,Electronic role-playing game
650rzr5m,Electronic RPG
650ryr5m,Elephant
72ymox2d,emergency
q5wyw8ng,Emotional
o75m68n3,Endless
r2ro7p2z,Endless Runner
rnvx192q,Endurance
dnqer9n8,English
92dm8x2l,Enigma
x5eygmn4,Énigmes
dnqekmn8,Entertainment
4n4xvj20,Epic
x5eo4r24,Epic War
d5ol305w,Episodic
l28lzynr,Eroge
m2117z24,Escape
y5ggrk5e,Escape game
72yz3wnd,Escape Room
p231oxn6,Espionage
r2lrr127,Esport
r2rk365z,esports
y5ggpd5e,Exercise
rnvx7q2q,Exergaming
650kxonm,Expedition
rnvxg92q,Experience
6507m62m,Experimental
oy5ggp5e,Exploration
x5eqgm54,Exploratory
650kexnm,Explore
x5exm724,Exploriation
1npv3wn7,extreme
q2717x2l,Extreme scooting
d1np8y57,Extreme Sports
m21dy924,F1
4n6wer29,F2P
1n9xkdnm,Famicom
75mv8853,Family
75ml0en3,Family Friendly
r2r97p2z,fan game
p23m4mn6,Fan Games
r2rv93nz,Fan Made
92dk1rnl,Fancy
r2roy82z,Fangame
4n66pln9,Fanmade
d5ovyp2w,Fanmande Map
dnqe6rn8,Fantastic
el28lrnr,Fantasy
1np8dv57,Fantasy Adventure
l28wjo2r,Fantasy violence
92dvo32l,"Fantasy, Action, Adventure, Indie, 2D"
q5wpk8ng,farbenfroh
q27kpenl,Farm Simulation
qdnqkmn8,Farming
72yp8o2d,farming sim
4n4mqjn0,Farming Sim/RPG
d5oo7l5w,Fashion
x5e7rmn4,Fashion/ Simulator
65j8zl2k,Fast
4n600ln9,Fast Paced
72yprw2d,Fast paced platformer
wr2lw157,Fast-paced
92dk9znl,Female Protaganist
o75mdk53,Female Protagonist
x5eop824,FGC
qdnq8mn8,Fight
x5eqlm54,fight game
65jzzk2k,Fighter
el286onr,Fighting
m65jyv5k,Fighting Game
rnvzqx5q,Fighting Game/Mini-Games
l28lewnr,fighting games
y5gvq45e,Fighting Mecha
1np88y57,"Fighting, Action, Adventure"
45xq4mnd,"Fighting, Platform Fighter"
4n4eq850,"Fighting, Sports"
y5gv6x5e,"Fighting, ‎role-playing"
4n4m1jn0,Fighting-Game
4n4mwwn0,Fighting/RPG
4n4xgj20,Fightning
65jgy15k,find
m216rr54,Fire
o75m1x53,First Person
l28e9r2r,First Person Action
65j6zmnk,first person dungeon crawler
4n6k1o29,First Person Platformer
dnqyqr28,first person point and click adventure game
rnvj1xnq,First Person Puzzler
oy5goxne,First Person Shooter
y72y9w5d,First Person Shooter (FPS)
1npeyp57,"First Person Shooter, Survival Horror"
1npjvyn7,"First Person Shooter, Third Person Shooter"
l2kl06n1,First Person Shooting
pm21j424,First Person Shoter
d5o0035w,First Person Soda
l28mjr5r,First Person View
1n909qnm,"first person, dungeon crawler, rogue-like, rpg"
el289knr,First-person
x5exqr24,first-person action
m211qz24,First-person Adventure
p92dyy2l,First-person exploration
72yoqo5d,First-Person Platformer
x5e7p8n4,First-person puzzle
pm21pl24,First-person shooter
94n4ddn0,"First-person shooter, action, tactical shooter"
75mzwg23,"First-person shooter, action-adventure"
r2l6p427,First-Person-Platformer
dnqyr928,First-Person-Shooter
r2r9862z,Firstperson-Shooter
1n9elz2m,Fish
mr2r0m2z,Fishing
l28l3knr,Fitness
oq27xz5l,Fixed Shooter
g2zq642l,Flash
dnqy0r28,Flash Game
75mg6e53,Flash Games
92dd8x2l,Flash shame
l28e6w2r,Flight
g2z8go2l,Flight Combat Sim
4n63q0n9,Flight Sim
4n601rn9,Flight Simulation
y72yod5d,Flight Simulator
l2kjqr51,"Flight Simulator, Shooter"
q2718o2l,Flight-Combat-Sim
1npjokn7,flight-sim
m65j7l5k,Flipper
4n661on9,Flying
wr2ljwn7,FMV
m21pj424,FMV Adventure
l2ky1w51,FNAF
650kpwnm,Foddian
p23oxx26,Foddylike
q271612l,Folktale
g2zor0nl,Food
72y1d62d,Football
m21pvz24,Footygolf
65jg6k5k,Formula 1
1npvjkn7,Formula One
p23oj326,Formule 1
92dmrz2l,FP
92dmz32l,FPP
m65jk2k0,FPS
r2lw3p57,FPS / Puzzle
r2l8q457,FPS Shooter
65jjxm5k,FPS+Z
75mlq4n3,fps-platformer
l28mgk5r,FPS-Z
1n903vnm,FPV
rnv9dq2q,FR
d5ozvpnw,FRANCE
p92d9r5l,Free
45xqzxnd,Free Game
y45xwmnd,Free To Play
x5eyern4,Free-to-Play
45x41x2d,free-to-play mobile RPG
l2klvkn1,Free2Play
r2lro127,Freemium
g2zzy42l,freeroam
y5g7ek5e,fright shooting
q2741e2l,Fruit Fetching
l2kgez51,Fun
m216ql54,Fun :D
m21ogz54,Fun to play
1n998xnm,Funky
r2rom92z,Funny
92dm7z2l,Futuristic
75mvwk53,Futuristic Side-Scrolling Beat'em Up
1np0qv27,gambling
4n4y7wn0,Game
q27kk1nl,Game Boy
p23xxx26,Game Boy ROM
1npjren7,Game Compilation
r2r9y92z,Game creation system
1n9xzvnm,Game Engine
p236jd26,Game Jam
65j8vl2k,Game Jam Games
rnvv19nq,Game of the Year
l2866onr,Game show
1npzgv57,gameboy
q5wdzkng,GameJam
r2rzk35z,Gatcha
650rlo5m,Gay
65077w2m,Gem elimination
x5e7dmn4,Gemstone
65jjgk5k,Geography
r2rvepnz,Getting Over It
1n99lqnm,Getting over it like
1n9l6pnm,Ghost
l28w8y2r,Ghost Hunt
q5wdkrng,Giant Robot
g2z7ow5l,GLITCH
y5gjqx5e,GMTK
q5wyvzng,Go Kart
9rnv3q2q,God game
d5ovk82w,God Sim
92dv3x2l,Goi like
yq5wkm5g,Golf
q5w47gng,Golf Game
1npjjyn7,Golf video game
g2z8wr2l,Good Music
q27ygx2l,Goose
l286oknr,Gore
92dv6y2l,Gota.io
6507rx2m,Gothic
45xw9mnd,Government Simulation
d5oz0jnw,Grand Prix
4n6wok29,Grand Strategy
94n4oo20,Graphic Adventure
92dkexnl,Graphic adventure game
r2r9qp2z,Graphic Novel
l2klyen1,Graphical Adventure
dnqv6r28,Grapple
x5eqwd54,Grappling Hook
75mvkk53,Gravity
r2r0ep2z,Gravity Game
45xkvmnd,Great Big Game Thing
4n66kln9,Grid-Based Movement
4n464d20,Grimace
92dxdy5l,GTA
g2zowonl,Guitar
q5wkom5g,Gun
l2k6yen1,Gundam
l2kllen1,Guy Fierri
q27y442l,hack
75mj6853,Hack & Slay
75mz0e23,Hack 'n Slash
q5w4jzng,Hack 'n' Slash
pm211l24,Hack and slash
vx5erd24,Hack and Slash (Musou)
m21p0924,"Hack and Slash, Dungeon Crawler"
6506z45m,Hack and Slay
1npjmvn7,Hack n Slash
p92dzznl,Hack n' Slash
rnv9mk2q,Hack'n Slash
p23m6xn6,Hack'n'Slash
x5e471n4,Hack-and-Slash
650eg6nm,Hacking
q5wdomng,Halloween
1n9l1vnm,Halo
x5ex9124,Halo Fan Game
rnvjopnq,Hamster
1n9erd2m,Hand drawn
m21o6l54,Hand-Drawn
r2rkep5z,Handheld
75mro4n3,Hard
l2kjg651,Hard Game
x5e7jmn4,Hard platformer
p92dqynl,Hardcore
l28l4rnr,hardcore platformer
d5ogrp2w,Hardcore RPG
4n60xrn9,Harem
4n6k7k29,Harry Potter
q5wkd85g,Haunted House
m21x3954,Health & Fitness
45xm3v2d,Heist
45xw09nd,Helicopter
r2l8r857,Hero Chain Action
d5o0wl5w,Hex
rnvxvq2q,Hidden Object
y5gjlr5e,Hidden Object Adventure
4n6wxr29,Hidden Objects
92dvrz2l,hide & seek
4n46d820,Hide 'n' Seek
l2k6oen1,Highscore
1n9egx2m,hiking
q27qq1nl,Historical
q5w3gk2g,Historical Simulator
1n900qnm,Hockey
g2z3l0nl,Holiday
l286wrnr,Hollywood depiction of hacking simulator
1npv9pn7,Hololive
r2lwl857,Homebrew
y5gg745e,HOP
6506gr5m,hor
x5eo3824,Horde Battles
m21ppl24,Horde Survival
dnqvy028,Horizontal 2-D Side Scrolling Shooter
l281jo5r,Horizontal Danmaku Water Action Game
45xjzx2d,Horizontal Fight
45xmj82d,Horizontal Scrolling Shoot'em Up
650rmx5m,Horizontal Scrolling Shooter
45xkw8nd,Horizontal Shmup
p23o3326,Horizontally scrolling shooter
65jj3e5k,Horor
r2r0z62z,Horrer
oy5gp5e3,Horror
r2l66127,Horror / VR
4n4pqjn0,Horror Action Platformer
92dmg32l,Horror Adventure
r2lv9pn7,horror game
rnvx9k2q,Horror survival
dnqjo028,Horror Walk-through Experience
x5eodm24,"Horror, FPS, Action"
r2l8x457,"Horror, Platformer"
l281ym5r,"Horror, Platformer, Action"
r2l86857,Horror-Comedy
4n6k4k29,Horror/Platformer
4n66drn9,HorrorGame
r2rze65z,Horrror
rnvj0knq,Horse riding
wr2lgkn7,Hotline Miami Clone
y5gj3r5e,HTML
g2zqy42l,HTML5
dnqylj28,Humor
1n9e8q2m,Humorous
l2kopzn1,Hunt
d5o0m85w,Hunting
y5gv9r5e,I wanna be the guy
1npz7y57,Ice
rnvz7p5q,Ice Hockey
1npewe57,Idle
6507kw2m,Idle Clicker
r2r0p32z,Idle Incremental FPS Clicker
q5wdprng,Idol Project Produce
q27yje2l,imagine
l2ko9rn1,imersive sim
q27qw4nl,Immersive sim
4n4ev850,Incremental
p23wdd56,Incremental game
d5ogyp2w,Inde
x5ey71n4,Independant
x5eqm754,Independant Game
d1np9k27,independent
pm21l54x,Indie
72yzg6nd,Indie Adventure
l28mzy5r,Indie Fighting
4n4p3on0,Indie Game
l28ldynr,"Indie game, Action game, Casual game, Adventure"
75mldgn3,"Indie game, Casual game, Adventure"
75mgjx53,Indie Horror
r2rkqp5z,indie platformer
72y11d2d,"Indie, Adventure, Simulation, Horror,"
dnqv9m28,Indie-Game
4n6wwl29,Indie/Action
1n9q0q2m,Indie/adventure
r2lrjk27,indie/puzzle
q5wp1kng,IndieGame
r2roxp2z,Indies
r2r9r92z,Individual
75mr9en3,Individual Level
6509m65m,Indy
jp23j3n6,Infiltration
4n4mg8n0,Insane
92dpxm2l,Intense
1npemv57,Interactive
1g2z4o5l,Interactive drama
m2111l24,Interactive Fiction
p23x0r26,Interactive Horror
9rnvrp2q,Interactive Movie
p23mzkn6,Investigation
q5wpgkng,Investigative Horror
p23m9dn6,Io Game
r2r0m92z,iOS
mr2rom2z,Isometric
75mzpk23,Isometric platform
r2l88157,itch.io
y5gx0xne,jameskii
92dp732l,Japan
1n9x6pnm,Japanese
dnqj9028,Japanese Exclusive
dnqxj058,Japanese Role-Playing Game
r2lv08n7,Japanese RPG
r2lwop57,Japanese Survival Horror
q27k9znl,Jordan
yq5w382g,JRPG
1np0gv27,Jump
l28mwr5r,Jump & Run
l2ko7en1,Jump 'n Run
q5wp8gng,Jump 'n' Run
l28mpk5r,Jump and Run
y5g79r5e,Jump and Shoot
y5gk7p2e,Jump n Run
45xqk8nd,Jump n' Run
m2119d24,Jump ’n’ Run
l2860wnr,jump&run
45x4d82d,Jump'n Run
75mrkkn3,Jump'n'Run
4n60o0n9,Jump-Em-Up
r2loww27,Jumper
l28wew2r,Jumpscare
65j6evnk,Jump´n´Run
r2lo6827,Kafkaesque
75mj7e53,Kaizo
650r465m,Kaizo Light
75mvzg53,Kaizo: Light
72y7ew2d,Kart
dnqy7j28,Kart Racer
1npekw57,Kart racing
65j8de2k,Karting
65jvp15k,Karts
dnqj4j28,Katamari
p23wom56,Keyboard
65jzyv2k,Keyboard Only
rnvdyknq,Kids
r2lo7k27,killem
4n4ymwn0,kkg
6507gr2m,Kuso
65jg3e5k,Kusoge
x5e7gmn4,KUSOGEE
g2zz6r2l,Lab
1n9lvdnm,labyrinth
x5eyedn4,Labyrinth / Maze
4n46pw20,LAC
45xq0xnd,Laser Disc
l2klpwn1,Launch
92dpox2l,Layering
650r345m,Leaderboard
72ypy62d,Learn & Play
4n4ero50,Learning
d5og8j2w,LEGO
l2kl8wn1,Leisure
dnqyyk28,Level 1
q27ylo2l,Level Builder
75mv4453,Level Editor
p23o7326,Level Maker
92dpqz2l,Level select
1npv1en7,Levels
92dv1z2l,LGBTQ+
4n668ln9,Licensed
r2rvx6nz,Licensed Game
4n4pxpn0,LIfe
75mzdg23,Life Sim
oq27y12l,Life Simulation
dnqowm58,Life simulation game
d5oz7lnw,Life Simulator
q5wprmng,Life-Sim
1n9qqq2m,Light Gun
q5wpwmng,Light gun shooter
1n9e4v2m,Lightgun shooter
1n9xrdnm,Liminal
75mzkg23,Liminal Space
g2zodonl,Linear
r2rzo85z,little kid
l2kl66n1,Live Action
q27wxxnl,Local Co-op
l28mry5r,Local Multiplayer
g2zqvo2l,Logic
rnvd3pnq,Logical
4n4xr820,Look down type
l2kypw51,loop
1npvmen7,Loop_10
x5eyq1n4,Loot
1n9xmxnm,Looter
g2z3prnl,Looter Shooter
q27qk1nl,Looter-Slasher
dnqv0j28,Lore
m21okr54,Lost Media
65j6glnk,LOVE
6509465m,Lovecraftian
vx5e71n4,Lovecraftian Horror
l28llonr,low poly
4n66v0n9,Low-Poly
6507462m,Lucky Islands
y5gx74ne,Madden NFL
l2kyxz51,Madness
l2kj6e51,Magic
q27k0onl,Magnus og Myggen
l2kjrk51,mahjong
7d5ov32w,Maker
75mggg53,manage resources
94n4ypn0,Management
1n9xvxnm,Manager Simulator
65066w5m,Manic shooter
y5gvjp5e,Mansion
p23oyk26,Map
q5wd98ng,Maps
x5eojm24,Marble
92ddrz2l,Marble Blast
q5w3eg2g,Marble Platformer
75mlgxn3,Marble Roller
l2863ynr,Mario
1n90wpnm,Mario Kart
4n60d7n9,mario kart series
dnqjdm28,Mars
m21o7r54,Martial Arts
x5e771n4,Masocore
p23wqk56,Massacre
72ypk62d,Massively Multiplayer
l2kjpw51,Massively multiplayer online game
x5eygdn4,Massively multiplayer online role-playing game
rnvvxrnq,Massivly Multiplater
q5wymgng,Mat Dickie
6509dr5m,Match 3
1n9qpp2m,Match-3
4n4xpw20,Match-three
y5gvyk5e,Matching
72y1g62d,Math
72ym362d,Maths
65jj4v5k,Maths game
o75mlkn3,Maze
rnvz3p5q,Maze shooter
72yp362d,MDickie
p231edn6,Mech
p23owx26,Mecha
65jjl15k,Mecha / Shooter
vx5err24,Mecha-Simulation
4n63lrn9,Mechs
m211or24,Medieval
92dxr35l,Medieval fantasy virtual reality
1np80y57,Medieval-Themed Manic Shoot'em up
1g2z1r5l,Mega Man
45xw8xnd,melee
x5eyy1n4,Meme
l281ky5r,Meme Game
m65jzk2k,Memes
q2713z2l,Meta
72ymmd2d,metaverse
r2rzd85z,Metriodvania
l286gknr,Metroid
4n46jp20,Metroid-Like
r2room2z,Metroid-Vania
qdnqyk28,Metroidvania
g2zq4o2l,Metroidvania Platformer
92dp1z2l,Metroidvenia
1npjpvn7,Metroivania
4n4e9d50,Miami-like
d5olk85w,Microgame
65j6lenk,microvania
d5o01j5w,Military
m216dd54,Military Sim
g2zo9rnl,Milsim
6506qw5m,min games
l28wor2r,Mind Sport
m216od54,Mine Sweeper
x5eoed24,Minecraft
g2z3m0nl,Minecraft Server
y5gjrd5e,Mini Game
dnqjxk28,Mini Game Pack
l2k606n1,Mini games
4n6wp029,Mini Golf
92dd6y2l,Mini-Game Collection
r2r0862z,Mini-games
45xqoxnd,Minigame
pm21xl54,Minigame Collection
r2r0o32z,Minigame Compilation
q27wzznl,Minigames
r2l8mp57,Minigolf
650ezrnm,Minimalism
l2kgxw51,Minimalist
72yoew5d,Minimalistic
45xqvmnd,Mining Simulator
y5g7645e,Mission-based driving
r2r9ep2z,Mi\usic
oy5gpk5e,MMO
r2rzrp5z,MMO lite
dnqvqj28,MMOARPG
q27w9onl,MMOCG
dnqymj28,MMOFPS
vx5e77n4,MMORPG
72yp7x2d,MMORPGs
q4n660n9,MOBA
q274q12l,Mobile
l28mmo5r,Mobile App
y5ggxp5e,Mobile game
l2kg9k51,Mod
6507po2m,"Mode(s)	Single-player, m"
m211kz24,Modern jet flight simulation
1n9qwz2m,Modification
l28w7k2r,Moe Kyun Adoventure
q5wyomng,momentum conservation
rnvzjq5q,Momentum Games
1npzxp57,momentum platformer
d5ol8l5w,Monkey
4n4p8jn0,monster battle
92dv0r2l,Monster Catching
45xwymnd,Monster Collection
q27qvonl,Monster Collector
y5gj9p5e,Motion Control
92dv9z2l,Motion Controls
72y7y62d,Motocross
75mvo453,Motor
92dv732l,Motorbike
l2klmrn1,Motorbikes
l2k6ezn1,Motorcycles
m21x8r54,Motorsport
q5wp9mng,Motorsports
g2z7jr5l,Motorvania
qdnqx958,Mountain Biking
d5og6j2w,Mouse
rnvv49nq,Mouse Only
1npv0kn7,Movement
dnqxkr58,movement shooter
q5wy8mng,Movementshooter
l2818y5r,movie
x5ex1d24,Movie adventure
92dvpm2l,MS-DOS
r2l8ep57,MUD
72ymzx2d,Multi
r2ro3p2z,Multi Directional Shooter
d5og7j2w,Multi-directional shooter
72y7962d,Multi-Game
l2korrn1,Multi-Genre
rnv99r2q,Multi-player
m21xdl54,Multidirectional shooter
1npe0y57,Multiplayer
45x4p82d,Multiplayer FPS
rnvvkqnq,Multiplayer online
mr2rp3nz,Multiplayer Online Battle Arena
d5ol1l5w,Multiplayer Puzzle-solver
m21pw424,Multiplayer RPG
6509kw5m,multiple endings
rnv9lk2q,Multitasking
x5e7x1n4,Multy-genre
650e1xnm,Murder
y5gkq42e,Murder Mystery
x5eyo1n4,Music
1n99rdnm,Music Game
r2l8lw57,music simulation
75mz6e23,Music Themed Level Competition
4n60p0n9,Music Video Adventure Game
oy5gvr5e,Music video game
d5ovm82w,"Music, Rhythm, Dance"
1np0pv27,Music/Rhythm
rnvdpknq,Musou
l2k6rkn1,mx
r2lw0857,Mystery
r2rv69nz,Mystery Dungeon
l28e4k2r,Mystery/Point & Click adventure
l28w1w2r,Myth
l28lgknr,Mythilogical
45xj482d,Mythology
l28exr2r,N64
x5exyd24,Nanpa
p23wrr56,Narration
d5ogwl2w,Narrative
l281xo5r,Narrative Adventure
m216e454,Narrative RPG
d5olm35w,Nature
r2l8g457,Nave
65jv7m5k,NERF
x5eq3854,NES
dnqvj028,NES Platformer Run/Gun
dnqvdm28,nft
r2lrlw27,NHL
rnv9vp2q,Nightmare
l2k6mrn1,Ninja
m21d1d24,Ninja Gum Battle Action
r2lv3pn7,Nintendo 64
l2kl3kn1,No Glitches
m21dm924,No Major Glitches
75mgq453,No Major Skips
4n6yvk59,Noir
g2z3qwnl,non linear
45x47v2d,non-euclidean
q5wdd8ng,Noob
x5eq9754,nostalgia
1n9l4vnm,NSFW
dnqvzm28,NSMBW
m21dqr24,Nuclear Bike
x5e4gmn4,Nudity
p23w9r56,Numbers
65jvk15k,numerical
45x4ym2d,Nurturing games
g2z8vo2l,nyujk
94n4l820,Obby
x5exj824,Objects
y5ggjp5e,Obscure
4n607on9,Obstacle Course
45xmev2d,Occasional
rnvvpxnq,Occasionnel
r2loq427,OCCG
y5ggk45e,Off-Road Racing
650kdrnm,Offline
x5ex4r24,Offroad
q5wklg5g,Old
65j8ev2k,Old game
92dpo32l,Old School
1n90mdnm,Old School Shooter
l2kjmk51,Olympics
q5w3og2g,on rail shooter
l2868mnr,On-rail shooter
dnqy6m28,On-rails Shooter
72yzlynd,On-rails-shmup
jp23kr56,One Button
l2kowwn1,One hit
x5exor24,One player
1n996znm,One-hit
72ypld2d,one-hit-kill
m2110924,Online
rnvd9rnq,Online battle game
dnqjjk28,Online Co-op
p23wkk56,Online co-op shooter
650r6o5m,Online Coop
72yzmynd,Online Multiplayer
p23xer26,Open Wheel
61n9q2m0,Open World
r2r9o32z,Open World Blow-Up-A-Thon
r2lr7k27,Open World Survival Craft
d1npykn7,Open-World
1np8re57,Open-World-Game
r2lrkw27,Openwheel
92dmo32l,Openworld
4n6kv029,Openworld Survival
p92drr5l,Other
p23mvrn6,Other Sports
l2813k5r,Otome
g2zzqw2l,overhead
45xmo92d,P&C
q27wrznl,Pac-Man
q5wyprng,Pachinko Roguelike
y5gvok5e,Painting
72yowo5d,Pakour
1npzzy57,palaeontology
4n4ywon0,Paranoia
wr2l8p57,Parkour
4n4xew20,Parkour Shooter
61n96znm,Parody
y5gv8p5e,Parser
7d5og32w,Party
l28mxr5r,Party Game
1np89p57,Party Games
l28w6m2r,Party-Based RPG
92dm3x2l,Party-Game
75mlrxn3,Pasta
92dp3x2l,PB
92dd1z2l,PC
m21ool54,PC game
1npzqe57,pedagogic
g2z7105l,Perma Death
92dkvmnl,Perma-Death
l2klxzn1,Permadeath
q27qxxnl,Pet-raising simulation
q27yzz2l,photography
l2kj1r51,Phychological Horor
y5gj4p5e,Phycological Horror
d1npze57,Physics
65j6rknk,Physics based
45xkx9nd,Physics game
1n99xqnm,Physics Platformer
4n4x1j20,Physics Puzzler
y5gxokne,Physics-Based Twinstick Battler
m21dkr24,Physics-Puzzle
x5eqem54,Piano Tiles
y72ywxnd,Picross
m65jve5k,Pinball
75mjwk53,Ping Pong
p23xkk26,Piracy
dnqjy028,Pirate
d5oz48nw,Pirates
650eponm,Piss simulator
1g2zdr5l,Pixel
y5gxv4ne,Pixel Art
q27kq4nl,Pixel Game
l2kyqw51,Pixel Graphic
dnqeo0n8,Pixel Graphics
65099w5m,pixel platformer
r2lov827,Pixel-Art
75mvm853,Pixelart
r2lomp27,Pixelated
r2rkw65z,Plaformer
650kw4nm,Plaftforms
dnqol958,Plaftormer
r2rvmpnz,plants
75mgm853,Plants Vs Zombies
1np07y27,plartformer
x5e7m8n4,Plat-forme
oy5g1k5e,plataform
4n6kkl29,Plataforma
x5eywrn4,Plataformas
q5wdqgng,plataformas 2D Indie Metroidvania
d5oo8j5w,Plataformer
qdnqpr28,plate-form + riddle + puzzle
g2zoprnl,Plate-forme
el28rynr,Plate-forme puzzle
rnvvdrnq,Plateform
65jvde5k,Plateforme
g2z8j42l,plateforme/Action
d5ogl32w,Plateformer
y5g7xp5e,Platfomer
qdnqqrn8,Platform
l2k6vkn1,Platform Action
l28m1o5r,Platform Fighter
oq273o5l,Platform Game
dnqe4jn8,Platform hack and slash
92dvdy2l,Platform Masocore
92dxlm5l,Platform precision
92dp8m2l,Platform Shooter
65jj8k5k,"Platform, action, sports"
m21dpd24,"Platform, Puzzle"
65jjem5k,"Platform,Puzzle"
y45xk8nd,Platform-adventure
65071x2m,Platform-shooter
p92d0y5l,Platform/Adventure
d5oo905w,Platform/Strategy
qdnqkn8k,Platformer
72yzodnd,Platformer Fighting Game
d5ogej2w,Platformer Try'n'Die
75mjrx53,"Platformer, Action-Adventure"
dnqo9058,"Platformer, action-adventure, racing, rail shooter"
650rd65m,"Platformer, Puzzle, Beat 'em up"
45xmq62d,Platformer-esque
r2rz365z,Platformer/Adventure
dnqx3k58,Platformer/Indie
45xkzxnd,Platformer/Puzzle
g2zql02l,Platformer/Shmup
p23wyx56,Platformer?
r2rkv35z,Platformers
mr2rq95z,Platforming
r2r0j62z,Platforming Action/Adventure
l28eor2r,Platforms
rnvxwp2q,Platfrom-Adventure
dnqyz028,Platfromer
r2lwgk57,Plattformer
l281zy5r,Plattforming
p231zkn6,Playstation
r2rvkmnz,PlayStation 1
d5ooq05w,Plug & Play
4n4mmpn0,Plug and Play
p2314mn6,Pluzze/Indie
p23w6m56,pog
4n4xqj20,Pogo
75ml38n3,point & clic
72y7ox2d,point & click
q5w3382g,Point & Click Adventure
45x4rv2d,Point & Click Shooter
dnqoqj58,Point 'n click
y72yyw2d,point and click
rnvvrpnq,Point and Click Adventure
q27k61nl,Point and Click Horror
d5ovl32w,Point n' click
dnqyg928,Point&Click
rnvxqx2q,Point&Click Adventure
g2z38wnl,Point'click
1n9qod2m,Point'N Click
r2roj62z,Point'n'Click
75mv1453,Point'n'Click Adventure
1n9qyp2m,Point-And-Cick
q4n6ln93,Point-and-click
4n4eqj50,point-and-click adventure
x5e4jmn4,Point-and-Click Adventure game
d5ooj85w,Point-n-click
92dk8xnl,Political
g2z8dr2l,Pong
y5g7pd5e,Pool
1np00y27,Portable
y5ggdx5e,Post-apocalyptic
4n4mkwn0,Post-Brexit
r2lr1p27,Powerboats
y5gv0x5e,ppL: The Animated Adventures
q27klznl,Pranks
1npv4en7,precise platformer
d5olgp5w,Precision
d5ooyp5w,precision platformer
45xjj82d,Precision-Platformer
q5wygzng,Presicion Platformer
61n99qnm,Pretentious
l286dmnr,Pro Wrestling
650k04nm,Procedural
d5oz90nw,procedural generation
rnv91x2q,procedurally generated
d5ooo35w,Productivity Tool
72y1wx2d,Professional Wrestling
92dm332l,Programming
r2rkg95z,ps1
dnqvo028,ps1 style graphics
q27qpenl,Pscyhological Horror
g2z3z6nl,PSVR
r2lr8127,PSX
y5gvvp5e,psychedelic
rnvdxqnq,Psychologic horror
1n9l8xnm,psychological
x6500r5m,Psychological horror
q27ke1nl,Psychological Terror
d5oovp5w,Psychological Thriller
1n9eoq2m,Psychology horror
1n9eox2m,Punishing Climbing Game
92ddg32l,Puzzel
y72yd2do,Puzzle
45xw48nd,Puzzle (even tho it should not be)
r2l60827,Puzzle / Platform
p23o1m26,Puzzle Adventure
m21d7r24,Puzzle adventure game
y5gxjpne,Puzzle Bobble 2 clone
72y1od2d,Puzzle Game
r2r09m2z,Puzzle Horror
l28m7y5r,Puzzle Platform
el28dm5r,Puzzle Platformer
72yoyw5d,Puzzle Solving
x5e7yrn4,Puzzle video game
g2zqdo2l,"Puzzle, Adventure, Strategy"
1npj6pn7,"Puzzle, Arcade"
65j6jlnk,"Puzzle, edutainment"
q27wlonl,"Puzzle, fighting"
g2z7er5l,"Puzzle, Platformer"
m2118r24,"Puzzle, strategy"
d5oz30nw,Puzzle-battler
l2kykk51,Puzzle-focused
r2lwjw57,Puzzle-Fps
y72y1d2d,Puzzle-Platformer
x5eok724,Puzzle-Solving
75mjkk53,Puzzle/Experience
l2kgmk51,Puzzle/Horror
4n4e6j50,Puzzle/Platformer
75mvgg53,Puzzle/Story-Telling
q5wylgng,Puzzle?
q5wyr8ng,PuzzlePlatformer
g2z8642l,Puzzler
rnvv9knq,Puzzles
p23olr26,PvE
650klwnm,PvE Shooter
45xmzx2d,PVP
q5wd3kng,Quake-Like Shooter
l2kgv651,Quest
l2kl7zn1,Quests
45xqx9nd,Quick
r2r0xp2z,Quick Action
g2z7m65l,Quick thinking
1npvryn7,Quirkbound
q5w30z2g,Quiz
92dkpxnl,Quiz Game
65067x5m,Quizz Game
g2zom0nl,QWOP
m211dl24,Race
m21x1d54,Race driving
75mlzgn3,Race score
1npzep57,Raceing
x5e441n4,Racer
wr2l1n7p,Racing
x5e4ldn4,Racing / Driving
61n9yz5m,Racing game
4n6ymk59,Racing Games
d5o0ep5w,Racing Platformer
y5gxlrne,Racing RPG
p23xzx26,Racing sim
q5w3482g,Racing Simulation
75mgdg53,Racing Simulator
r2lopp27,Racing Sports
1n9xyvnm,Racing Video Game
65j8jl2k,"Racing, RPG"
y5g7ld5e,Racing/Driving
45xkk8nd,Racing/Simulation
q5wd8mng,Ragdoll
6506dr5m,Ragdoll Physics
1n9qxq2m,Rage
rnvdwpnq,Rage game
45x4qx2d,rage platformer
d5ol905w,RageGame
yq5wymng,Rail Shooter
92dx6r5l,Rail-Shooter
72ypox2d,Raising Sim
d5o0rp5w,Rally
92dkqynl,Rallying
o75mp853,Ranching Sim
4n6kmk29,Random
92dmdm2l,Randomized Shoot'em Up
g2zo36nl,Randomizer
75mg0e53,Randomly generated
x5eq7r54,Ratchet & Clank
d5ol485w,Rave horror
92dmex2l,RCG+STG
l28lymnr,Reaction
x5eqq154,Reaction Game
d1npdwn7,Real Driving simulator
72y19w2d,REAL SHOOTING GAME
l28l9rnr,Real Time Attack
1npeqw57,Real Time Strategy
l281dy5r,Real Time Tactics
75mjjg53,Real-Time
jp23mxn6,Real-time strategy
el28eo2r,Real-time tactics
l281rk5r,Realistic
650rx45m,RÉKOEITION
x5ex7r24,Relax
4n4xyw20,relaxing
72ymew2d,Remake
x5e738n4,Remastered
q27kmxnl,Renai Adventure
q5w4wmng,Resort tour game
p231ykn6,Resource Management
q5wpomng,Restaurant
yq5wgkng,retro
4n66xon9,Retro FPS
4n66eon9,Retro PC Game
4n46zj20,Retro Platformer
45x4k62d,Retro shooter
r2lrep27,Retro Styled Action Platformer
y5gjzd5e,Retro-styled Stickman Game
y5gxk4ne,reverse horror
x6507w2m,Rhythm
75mlwkn3,Rhythm & Music Game
4n6yjr59,Rhythm Action
q5wpegng,Rhythm game
pl2kdk51,Rhythm Games
p23mkrn6,Rhythm Platformer
m21dxd24,Rhythm RPG
m211pl24,Rhythm Violence
1npeey57,"Rhythm, Music"
4n636ln9,"Rhythm, Platformer"
m21pdl24,Rhythm/Dance
d5o0x85w,Rhythm/Music
1npjdwn7,Rhythmn
4n4pjpn0,Rhytm Games
d5ovx82w,Rich Story
l2kooen1,Rick Astley
q5wy6zng,Rick Roll
r2l8jk57,Rick-Roll
m2166l54,Rickroll
d5ozp8nw,Rings
4n4yv8n0,RLCraft
x5eyx7n4,RNG
m21xkz54,RNG Hell
q27wpxnl,Roblox
rnv9w92q,Roblox Obby
l2k64zn1,Robot
x5eowd24,Robots
rnv9zq2q,Rocket
r2rvl9nz,Rogoulike
d5ovv32w,Rogue
92dkrrnl,Rogue Like
4n6y8059,"Rogue like, hack and slash"
l28wxo2r,Rogue Lite
1g2z0wnl,Rogue-like
1g2z862l,Rogue-lite
p92dkmnl,Roguelike
q271de2l,Roguelike Deckbuilder
p23wg356,Roguelike RPG
p23mlrn6,Roguelike twin-stick shooter
65jjom5k,"Roguelike, Funky"
oq277z2l,Roguelite
x5e4yrn4,rogulike
1n9e9z2m,Rol
l2k6xzn1,Role
1n901pnm,role playing
d1npok27,Role Playing Game
72yz9wnd,Role Playing Party Game (RPPG)
1npe4v57,Role Playing Simulation
9rnv49nq,Role-playing
jp23rd26,Role-playing Game
65jzre2k,Role-playing video game
1n993vnm,Roleplay
1npjypn7,Roleplaying
l28e1o2r,RollenSpiel
q27qj1nl,RollerBall
d5o07j5w,Rollercoaster builder
1n991vnm,Rolling
45xq86nd,Rom Hack
r2rv03nz,Rom-Hack
x5e4rdn4,romance
4n606ln9,Rouge -ike
4n4y3dn0,Rouge Like
75mj3453,Rouge like dungeon crawler
1g2z94nl,Rouge-Like
g2z73w5l,Rougelight
y5gk642e,Rougelike
75mlm8n3,rougelike lite
r2r9692z,Rougelite
q271zz2l,rougelite like
45x4v82d,rouguelike
4n4yypn0,Round by round
jp23x26k,RPG
4n6kwr29,RPG (jRPG)
y5gkyx2e,RPG Horror
q5w36k2g,RPG Maker
r2lww157,RPG Shooter
l28ljonr,"RPG, 2D,"
x5ey41n4,"RPG, Adventure"
dnqyok28,"RPG, Adventure,"
q5wp4rng,"RPG, Turn Based"
x5e7orn4,RPG/Tower Defense
pl2kmk51,rpgmaker
l28lwonr,RPGmaker horror
rnvjzrnq,RPGMMO
l2kyoe51,RPGVania
45xqe9nd,RTS
r2lw9p57,RTT
45xqj8nd,Rubbering Action
y5gvk45e,run
pm214924,Run & Gun
x650zrnm,Run 'n Gun
y72yeond,Run 'n Gun Action
1np84v57,Run 'n' Gun
y45x792d,Run and Gun
94n4zd50,Run and Gun/Platformer
p92ddm2l,Run Invalid
r2l8p457,Run n Gun
g2z7wo5l,Run n' Gun
q27kxenl,Run'n Gun
p23103n6,Run'n'gun
92dko3nl,Run-and-gun
mr2r682z,Run-n-gun
4n4p7wn0,Runner
1npedw57,Running
4n4edd50,Running Adventure
g2zo1onl,Rythm
65jj1l5k,Rythym
q4n60ln9,Sandbox
72y16o2d,Sandbox MMORPG
d5olvp5w,Sandbox Tycoon
mr2ry8nz,"Sandbox, Adventure"
72ym962d,SATIRE
pm21md24,Scary
75mgvx53,Scavenger
q5wk7g5g,Scavenger Hunt
m21dgz24,School Sim
r2lvp4n7,Sci Fi
l2kgqr51,sci-fi
p231lrn6,Sci-Fi Adventure
65j68lnk,sci-fi arcade action adventure
45x4092d,Sci-Fi First Person Shooter
y5gkjr2e,Sci-Fi Racing
72ymrw2d,Science
61n9lqnm,Science Fiction
r2rzmp5z,Science-Fiction
45xqr9nd,Scifi
1npe8y57,Scifi Adventure
4n6080n9,Scooter
p23orr26,Score
g2z8yw2l,SCP
92dd0r2l,Scrabble
92dmyy2l,scratch
65j8y12k,scratch game
dnqypj28,scrdvtfby
d1np3p27,Scroller
7d5o8pnw,Scrolling shooter
72yo4y5d,Scrolling Shooting Action
q27ydx2l,Seafood
1npvekn7,Sealth
d5ov902w,search
1n999qnm,search action
q5w4egng,SEFOG
r2lvy4n7,sega
45xjv82d,sega genesis
92dk6ynl,Semi-simulation racing
q27q8onl,Sequel
1n99mxnm,Sequential Puzzle
1npv7yn7,Serious Games
1n99zpnm,Server
p2368326,Sex
45xkr9nd,Sexual Content
r2rzwm5z,Sheep
p23ozk26,shitpost
wr2l7wn7,SHMUP
g2z39rnl,Shoarma
45xww8nd,Shoot
pl2kge51,Shoot 'em up
72yzqond,Shoot 'm Up
oy5gmk5e,Shoot em up
65jg9v5k,Shoot Em Ups
x5e781n4,Shoot em' up
g2zo76nl,Shoot t'em up
9rnv6p2q,Shoot Them Up
g2zovonl,Shoot ‘em up
m21xy954,Shoot ’em up
rnvvzknq,Shoot'em Up
x5eym8n4,Shoot'M'Up
92dkyynl,Shoot-'em-up
72yz6ond,Shoot-em Up
oy5gyx5e,Shoot-em-up
mr2rmnz0,Shooter
92dddm2l,Shooter game
p23mxkn6,Shooter/OpenWorld
x5eo7124,Shooter/Strategy Hybrid
g2zqxw2l,Shooting
r2r0482z,Shooting Gallery
m21dol24,Shooting Game
q5wk4r5g,Shooting Platformer
4n4e3o50,Shooting Puzzle
4n468j20,"Shooting, Action, Horror"
pm21e9n4,Shoot’em Up
g2z7zw5l,Shop Simulator
jp23d3n6,short
1n9evx2m,Short and sweet
rnv9pk2q,Short simulator
1n9x7znm,Shovel Knight like Game
94n4gdn0,Shovelware
q4n6ron9,shower
pm21g424,Side Scroller
pl2k36n1,Side scroller RPG
r2ro9m2z,Side Scrolling Beat-em-up
4n6y9059,Side Scrolling Platform Action
4n4xlp20,Side Scrolling Shooter
m211j424,Side-Scroller
wr2lykn7,Side-scrolling
m65jem2k,Side-scrolling beat 'em up
q5w3zr2g,Side-scrolling beat-em-up
4n60gkn9,Side-scrolling Fighting Game
el28qw2r,side-scrolling Platformer
wr2ldwn7,side-scrolling shoot 'em up
x5eoq124,Side-Scrolling Shoot'em Up
l2810m5r,Side-scrolling shooter
4n4p9dn0,Side-Scrolling Shooting
l2k6pwn1,Sidescroller
4n63g0n9,Sidescroller RPG
75mzjx23,Sidescrolling beat 'em up
92dx8m5l,Silly
65jgde5k,SIM
92dx0z5l,Sim Game
4n4mkon0,Sim Racing
75ml48n3,Simcade
72yzd6nd,simple
72y78o2d,Simulador
pl2ke21x,Simulation
r2lrmp27,Simulation Game
65076w2m,Simulation Racing
q27wmznl,Simulation Video Game
l2kjle51,Simulation/Management
m65j4m5k,Simulator
92dvyr2l,Singeplayer
65jg1l5k,Single Level
65jj6e5k,Single Player
y5gvzd5e,single screen platform
dnqy9028,Single Stick Shooter
dnqyjk28,Single-Player
m21pz424,"Single-player, multiplayer"
p231vdn6,Singleplayer
65j8om2k,Siren Head Type
4n6wd729,Six Degrees of Freedom
q5wy1kng,Skate / Skateboard
d1npjyn7,Skateboarding
72y71x2d,Skating
75mlkgn3,Ski
650kornm,Ski Jumping Game / Simulator
qdnq7j28,Skiing
m21xpd54,Skill
6509v45m,Skill based
p236rr26,Skill Game
l2k6len1,Skill Tester
dnqv1j28,Skill/puzzle
q5wpxkng,Skywars
72ym7x2d,Slash'em up
y5g78r5e,Slasher
g2zoxwnl,slasher/shooter
r2rkd85z,Slendytubbies
d5ozd8nw,Sliding
q27y7z2l,Sliding Block
l2k6wrn1,Sliding-Block
p23x9r26,Slime
qdnqd028,small game
l2kldrn1,Smurfen
p2360d26,Smurfs
x5exd824,Snake
1n99oxnm,SNES
4n4e0w50,Sniper
x5eq0154,Sniper Shooter
q27q04nl,Snowboard
q5w4ogng,Snowboarding
rnvzdq5q,Snowboarding video game
650rpo5m,Soccer
d5oll35w,Soccer club management simulation
75mljxn3,Soccer simulator
x5e41rn4,Social
l2kyzz51,Social Deduction
1n99pvnm,Social simulation
l28l1onr,Social Simulator
y5ggzd5e,Society game
rnvvvrnq,Soda Drinker
p23xlk26,Sokoban
l2ky9r51,Solitaire
75mj1453,Solo
1n9erx2m,Solo game
l28wky2r,solodev
m21xrz54,sonic
1n9eyv2m,Soul-Like
dnqopj58,Souls Like
x5eq1r54,Souls like Game
r2ro0m2z,Souls-like
4n4pv8n0,Soulslike
g2z3konl,Sound
65jzkv2k,Space
72yzzdnd,Space Combat
q5wkw85g,Space combat simulator
rnvv0knq,Space Exploration
y5gx1dne,Space Flight Sim
q5w4dmng,Space flight simulation
q2743o2l,Space flight simulation game
m21d0424,Space flight simulator
x5e407n4,Space shooter
x5eydmn4,Space Sim
r2l63p27,Space Simulation
94n43w20,Space simulator
m21xvz54,Space Sports
65jv8k5k,Space trading and combat game
rnvj9rnq,Spaghetti
650e86nm,Spectacle Action
4n4pz8n0,Speed
d5oz8lnw,Speed Builders
92dxvy5l,speed game
r2rk765z,Speed Platformer
92dv0z2l,Speed Run
45xk16nd,Speedrun
l2k67zn1,Speedrunner
r2lrzw27,Speedrunning
m21ow454,Spending
92dmmm2l,Spider Simulator
m21pg424,Split Screen
r2l6qk27,Split-Screen
x5ey68n4,spooky
pm21v424,sport
x5e7rdn4,Sport Game
p23md3n6,Sport Games
92dkxxnl,Sport Simulation
wr2lpkn7,sport tactile
x5eqp754,Sport/Action
el28onrz,Sports
1n99wpnm,Sports - Boxing
1n9q3v2m,Sports Game
x5eqg854,Sports Games
r2rog82z,sports sim.
92ddyr2l,Sports Simulator
l2ky7e51,sports video game
q5wyd8ng,sports videogame
y5g7rk5e,"Sports, Fighting"
p236dd26,"Sports, Racing"
q5w3p82g,Sports/Soccer
4n666ln9,Sprint
q27kj1nl,Sprint car
rnvzr95q,spy
g2z3donl,Squad-based
x5ey07n4,SRPG
dnqxgk58,Stacker
1npz6w57,Stacking
m21xqr54,Star Trek
g2z8702l,Startergy
94n4ep50,Stealth
oq27o45l,Stealth Action
72y1ly2d,Stealth game
l2kydr51,Stealth Horror
4n6k3729,"Stealth, Action"
rnvxek2q,"Stealth, Adventure"
p236xx26,"Stealth, Shooting"
4n4xjp20,Stealth-Action
r2loo127,Stealth/Action
1n994vnm,Steam
6507ex2m,steampunk
4n461j20,Stereogram
1n90rvnm,STG
r2l6r127,STG:2D/Horizontal
y5gk1k2e,Stick
4n6kzk29,Stick Figure
45xwxvnd,Stickman
1n9q4p2m,Sticky
1npvvyn7,Stock
g2zqpr2l,Story
x5exz724,Story Based
g2z8o62l,Story Driven
4n6k8l29,Story Game
m21dlr24,Story mode
g2z36rnl,Story Rich
45xmpm2d,Storydriven
4n4ylpn0,Stradegy
92dvxm2l,Strand Game
g2z7g05l,Stratagy
g2zoqwnl,Strategic
r2lvmpn7,Strategie
oq2712l7,Strategy
y5gv3d5e,Strategy Game
72yppd2d,Strategy Games
yq5wxr2g,Strategy Role Playing Game
650e7wnm,Strategy RPG
92dxrz5l,Strategy video game
l28m6w5r,Strategy/Adventure
1n9x9znm,Strategy/Incremental
75mr08n3,Strategy/Tactics
p23xvk26,Streetpass
4n4yodn0,Strong Violence
65j8gl2k,Struggle
650ejrnm,Stunt
92dpmy2l,Stunt Shooter
m2167r54,Stylised
rnvzyr5q,Stylized
p231j3n6,Submarine Simulator
l2kjwr51,Sudoku
g2z76r5l,summer sports
1npere57,Super Mario
1n9xlznm,Super Mario 64
q5w38g2g,Super Mario Bros.
1n9qmd2m,Super Mario World ROM Hack
4n63pln9,super nintendo
4n6wgk29,Super Scope Rail Shooter
75mv9e53,Superhero
1n9lypnm,Superheroes
x5e7vdn4,Supernatural
g2z3wonl,supernatural investigative hunting RPG
q5wpmzng,Sureal
l2ko4zn1,Surf
r2lwm457,Surreal
x6509o5m,Survival
45xjgm2d,Survival Game
y5gg0x5e,Survival Games
vx5ezm54,Survival genre
qdnqekn8,Survival Horror
y72yro5d,Survival Horror / 3rd Person Shooter
q274px2l,Survival Horror-Shooter
1npz0k57,Survival RPG
650r865m,Survival RTS
g2zzow2l,Survival SF horror adventure
l2ko1wn1,"Survival, Action, Adventure, Shooter"
q5wk1k5g,Survival-Horror
p23xpk26,Swears
4n664kn9,Sword fighting
4n4y0on0,Swordfighting
45xw7vnd,Swords
p236g326,Synthwave
x5e74rn4,Table
rnvjdqnq,tabletop
x5ey3mn4,Tabletop game simulation
q5wdw8ng,Tactial Multiplayer First Person Shooter
rnvx492q,Tactic
q274y12l,Tactical
dnqovk58,Tactical Action
92dmwz2l,Tactical first-person shooter
r2l6v127,Tactical FPS
x5e4z8n4,Tactical game in real time
65j6vlnk,tactical role playing game
d5o0g35w,Tactical Role-Playing Game
r2rky95z,Tactical Roleplaying Game
pl2klzn1,Tactical RPG
yq5wqz5g,Tactical Shooter
75mlekn3,"Tactical shooter, Hero shooter"
p2364m26,Tactical Shooting
65jzqv2k,Tactics
l28ewo2r,Tactics RPG
q274w12l,Tactics shooter
q27q3znl,Tag Battle
45x4em2d,Tall Tale
l2kyww51,Tank
r2rk035z,Tank Action
4n4eep50,Tank Simulation
r2r03p2z,Tank Simulator
g2z7l65l,Tanks
q27ype2l,TBS
72ypdy2d,TCG
75mjo453,TD
y5gg9r5e,Team
1np0op27,Team-Based
92dxkr5l,Teamwork
y5gx8pne,Tech
72ypzx2d,technical
1npz3w57,Technical Platformer
x5e43mn4,Teenage Mutant Ninja Turtles
x5eqyr54,teleport
dnqj0j28,Teleportation
65j81m2k,Teletubbies
r2l6jw27,Tennis
jp23vdn6,tennis simulator sport
pl2kpr51,tennis sport simulator
pl2kv651,Terror
72ymy62d,Terror(eu acho)
q5wkxk5g,Terror/sobrevivência
6506y45m,Text
q4n6er29,Text Adventure
x650d62m,Text Based
g2zq9r2l,Text-Based
x5eqz854,Text-based game
g2zz402l,text-based game written game
rnvz8k5q,text-based RPG
75mg8853,The Bridge
dnqjm928,The Exorcist
q5wkgz5g,The puzzle
65jzem2k,Theme Park
oy5g64ne,Think and Gun
92dmrr2l,Third Person
q4n6vo59,Third person shooter
650r7w5m,Third Person Tactical Shooter
x6504x2m,Third-Person
jp231xn6,Third-Person Shooter
p23mwxn6,"Third-person shooter , Stealth-action"
72yozx5d,third-person-shooter
g2z7845l,Three Nightmare
4n4mjjn0,thriller
1np09p27,Throwback
45xwj6nd,Throwback Shooter
r2lvdwn7,tick-based
l281pk5r,Tile-matching
q5wdlgng,Tiles
r2r9p82z,Time Attack
1npegw57,Time management
72yp962d,Time Manipulation
1n9xqznm,Time Travel
4n4pwwn0,Time Trial
l2komrn1,Time Trials
1np08k27,Time-stopping
92dxem5l,Timed
6506165m,Timing
d5ook85w,Tir
rnvxyk2q,Top down
m21orr54,Top Down Scroller
dnqo8r58,Top Down Shooter
1n9xeqnm,Top view
x5eqx154,Top view shot
oy5gkp2e,Top-down
45xq16nd,Top-down adventure
65jgvk5k,Top-Down Hack & Slash
r2rop32z,Top-Down Racer
y45xl65d,Top-Down Shooter
l281mw5r,topdown
y5gxpdne,Topdown Scroller
1npvdvn7,TopDown Shooter
1n9l9znm,Touhou
x5ex8124,touhou fangame
1npe1v57,Tournament Fighter
q5w3xr2g,Tower Defence
oy5gwd2e,Tower defense
p23xwm26,Town and City
92dkg3nl,Town and city.
m65jkv2k,Toys-to-life
r2rod32z,TPS
l2kjje51,Track & Field
d5ozj3nw,Trading
72y18x2d,Trading Card Game
m21xxl54,Traditional boxing simulation
4n6kr029,Train
65jzp12k,Train Racing
d5olw05w,Train simulator
m21d8l24,Training Game
d5o0v35w,Trains
m216wz54,trajectory-based puzzle game
g2z340nl,Trap
9rnvzk5q,Trash
45x4ov2d,Travel
dnqxym58,Trial racing
rnv9rx2q,Triangles
4n4yqjn0,Triathlon
yq5weg5g,Trivia
72y7qo2d,TRPG
l286qwnr,Truck RPG
r2lw7w57,Truck Simulator
q27q9znl,trucking simulator
72ypxd2d,trucks
l2kj7z51,Tube Shooter
q27qmznl,Turkey
1np01e27,Türkiye
x5e4dmn4,Turn Based
1n9eqp2m,turn based shooter
vx5epmn4,Turn Based Strategy
4n63w7n9,Turn Based War
45xmm82d,Turn by Turn
65jz4m2k,Turn-Based
l2klj6n1,Turn-Based Combat
y5gv745e,Turn-based RPG
o75mrgn3,Turn-Based Strategy
1n90rdnm,Turn-based strategy game
r2rvj6nz,Turn-Based Stratergy
p231qrn6,Turn-based tactics
92dv432l,Turnbased Strategy
650emxnm,Turned-Based Strategy
m21xlr54,TV Show
g2zqr02l,Twin stick
650rqo5m,Twin Stick Shooter
dnqevkn8,Twin-Stick
l28mvm5r,Twin-Stick Shooter
g2z3r6nl,Twinstick shooter
1np8kw57,Twitch Platformer
1np0kw27,Two Player
rnvvlxnq,ty
q2747z2l,Tycoon
l28lkynr,tycoon/adventure
m2169954,type run and gun
d5olq05w,TypeToShoot
m65j31nk,Typing
q271pe2l,Typing geme
p23oox26,Typing Tutor
6509pw5m,UFC
65j6xvnk,UHC
p236ed26,UHC Meetup
dnqvrk28,Undertale
75mgkk53,Underwater
45xjo92d,Unique
65j6k1nk,Universe Colonization
4n46xw20,Unreal
92dxpy5l,Unreal Engine
m21dvz24,Upgrades
65j6denk,Upgrading
72ypvy2d,User-Generated Content
r2lvlwn7,Utility
1n90wznm,Vampires
d5og1l2w,Vapor-Horror
1n9xxqnm,Vaporwave
4n4xrd20,Variety
m21ojz54,Vehicle
y5gggp5e,Vehicle combat
7d5o7j2w,Vehicle Simulation
r2rzzm5z,Vehicle Simulation Game
p92dmm2l,Vehicular combat
l2814r5r,Versus
vx5eer54,Versus Fighting
45xm792d,Vertical
92dvvm2l,Vertical Danmaku Shooting Game
4n4xxp20,Vertical Danmaku Shooting Games
x5ex0124,Vertical Flying Shooter
6507xo2m,Vertical Scrolling Shoot'em Up
l28eeo2r,Vertical Scrolling Shooter
dnqemjn8,Vertical Scrolling Shoot’em Up
r2rkmp5z,Vertical Shoot 'em Up
r2lvzwn7,Vertical Shoot'em Up
r2r9l92z,Vertical Shooter
q5wyzkng,Vertical Side-Scrolling Shooting
q271mx2l,Vertical-scrolling shooter
r2lvgkn7,Vertical/Horizontal Scrolling Shoot'em Up
65063o5m,vertically scrolling shoot 'em up
y5gjwr5e,Vertically scrolling shooter
m21o4454,Victor's Nightmare 1
r2r9032z,Victorian
4n63rkn9,Video game
l28e7y2r,videogame
l2kozzn1,Videojuego de disparos
m216kr54,Videojuego de pelea
92dd732l,Vietnam
92dvgx2l,Villain Protagonist
75mllgn3,Violence
vx5evrn4,Violent
y5g7vp5e,Virtual Pet
4n6wq029,Virtual Reality
4n66rkn9,Visual Card
1g2zq62l,Visual Novel
65jvxm5k,Voice Control
q27weenl,Volleyball
72ypew2d,Voxel
p231mxn6,VR
72y10x2d,VR FPS
y5ggmk5e,VR Platformer
4n4mppn0,VR Puzzle
q27y112l,VR Shooter
q5wy7gng,VRChat
r2rkp85z,VRMMO
q5wdmgng,VRs only FPS PVP and PVE
72ymdy2d,Walk Simulation
4n4podn0,Walking
r2lwy457,Walking Sim
oq27412l,Walking Simulator
92ddmy2l,War
45xwm6nd,War Game
4n4y1jn0,Warden-like
45xkevnd,Wargame
4n6637n9,Wargames
92dxxm5l,wariowarelike
1n9xvdnm,Waste Your time
650ed6nm,Water
65jz1l2k,Water Sports
g2z3jrnl,Wave Survival
r2rk935z,Weapons
g2z81o2l,Web
94n40w20,Web Game
d5olop5w,Web Games
g2z8q62l,webgame
65079w2m,Weibliche Hauptfigur
4n6y6l59,Weird
l28elo2r,Weltraum
4n63vkn9,Werewolf
x650o65m,Western
rnvz4x5q,western-style
6506lw5m,whimsical
q5w3jk2g,Wholesome
1npjkwn7,Wierd
d5oorj5w,Wii
y5gxdkne,WiiWare
92dpem2l,win98
4n4xqp20,windows
75mgxx53,Winter
d5oo1l5w,Winter Sports
y5gk8r2e,Word
4n6ykl59,Word game
45xm692d,Worker management
1n9xoxnm,World Record
q2719z2l,World War 1
dnqjqj28,World War 2
d5olyj5w,WR
d5oom35w,WRC
y72ypy2d,Wrestling
vx5e41n4,WRPG
1npz4e57,WW1
1np8lw57,WW2
92dp6y2l,XBLA
1npzdv57,Xbox 360 Arcade
p23xqx26,Youtuber
q271442l,yum
l2kl1rn1,Zachlike
p23oed26,Zelda-like
4n4poon0,Zelda-lite
4n4ekw50,Zombie
45xwp8nd,Zombie Apocalypse
m21p3d24,Zombie Shooter
x5e4jdn4,Zombie Survival
g2zqq62l,Zombies
r2rvp8nz,Zorkian
dnqxrk58,Zumbi
6507v42m,приключенческий симулятор с элементами ролевой игры
6509rx5m,приключенческий симулятор с элементами РПГ
q5wkem5g,シュール＆スタイリッシュバトルRPG
1n99dxnm,￼Platformer
